{
	"info": {
		"_postman_id": "39eb2f59-2252-497b-926e-968b43055c3a",
		"name": "My Cloud",
		"schema": "https://schema.getpostman.com/json/collection/v2.1.0/collection.json",
		"_exporter_id": "6272551"
	},
	"item": [
		{
			"name": "auth",
			"item": [
				{
					"name": "Token",
					"event": [
						{
							"listen": "test",
							"script": {
								"exec": [
									"var jsonData = JSON.parse(responseBody);\r",
									"if (jsonData.access_token) {\r",
									"    pm.collectionVariables.set(\"access_token\", jsonData.access_token);\r",
									"}\r",
									"if (jsonData.refresh_token) {\r",
									"    pm.collectionVariables.set(\"refresh_token\", jsonData.refresh_token);\r",
									"}"
								],
								"type": "text/javascript"
							}
						}
					],
					"request": {
						"auth": {
							"type": "noauth"
						},
						"method": "POST",
						"header": [],
						"body": {
							"mode": "raw",
							"raw": "{\r\n    \"username\": \"admin\",\r\n    \"password\": \"admin\"\r\n}",
							"options": {
								"raw": {
									"language": "json"
								}
							}
						},
						"url": {
							"raw": "localhost:8000/auth/token",
							"host": [
								"localhost"
							],
							"port": "8000",
							"path": [
								"auth",
								"token"
							]
						}
					},
					"response": []
				},
				{
					"name": "Refresh",
					"event": [
						{
							"listen": "test",
							"script": {
								"exec": [
									"var jsonData = JSON.parse(responseBody);\r",
									"if (jsonData.access_token) {\r",
									"    pm.collectionVariables.set(\"access_token\", jsonData.access_token);\r",
									"}\r",
									"if (jsonData.refresh_token) {\r",
									"    pm.collectionVariables.set(\"refresh_token\", jsonData.refresh_token);\r",
									"}"
								],
								"type": "text/javascript"
							}
						}
					],
					"request": {
						"auth": {
							"type": "noauth"
						},
						"method": "POST",
						"header": [],
						"body": {
							"mode": "raw",
							"raw": "{\r\n    \"refresh_token\": \"{{refresh_token}}\"\r\n}",
							"options": {
								"raw": {
									"language": "json"
								}
							}
						},
						"url": {
							"raw": "localhost:8000/auth/refresh",
							"host": [
								"localhost"
							],
							"port": "8000",
							"path": [
								"auth",
								"refresh"
							]
						}
					},
					"response": []
				}
			]
		},
		{
			"name": "users",
			"item": [
				{
					"name": "User Create",
					"request": {
						"auth": {
							"type": "bearer",
							"bearer": [
								{
									"key": "token",
									"value": "{{access_token}}",
									"type": "string"
								}
							]
						},
						"method": "POST",
						"header": [],
						"body": {
							"mode": "raw",
							"raw": "{\r\n    \"username\": \"username\",\r\n    \"email\": \"user@mail.com\",\r\n    \"password\": \"123456\",\r\n    \"first_name\": \"john\",\r\n    \"last_name\": \"doe\"\r\n}",
							"options": {
								"raw": {
									"language": "json"
								}
							}
						},
						"url": {
							"raw": "localhost:8000/users",
							"host": [
								"localhost"
							],
							"port": "8000",
							"path": [
								"users"
							]
						}
					},
					"response": []
				},
				{
					"name": "User Check Username",
					"request": {
						"auth": {
							"type": "noauth"
						},
						"method": "GET",
						"header": [],
						"url": {
							"raw": "localhost:8000/users/username/johndoe",
							"host": [
								"localhost"
							],
							"port": "8000",
							"path": [
								"users",
								"username",
								"johndoe"
							]
						}
					},
					"response": []
				},
				{
					"name": "User Me",
					"request": {
						"auth": {
							"type": "bearer",
							"bearer": [
								{
									"key": "token",
									"value": "{{access_token}}",
									"type": "string"
								}
							]
						},
						"method": "GET",
						"header": [],
						"url": {
							"raw": "localhost:8000/users",
							"host": [
								"localhost"
							],
							"port": "8000",
							"path": [
								"users"
							]
						}
					},
					"response": []
				},
				{
					"name": "User Update Me",
					"request": {
						"auth": {
							"type": "bearer",
							"bearer": [
								{
									"key": "token",
									"value": "{{access_token}}",
									"type": "string"
								}
							]
						},
						"method": "PATCH",
						"header": [],
						"body": {
							"mode": "raw",
							"raw": "{\r\n    \"first_name\": \"john\",\r\n    \"last_name\": \"doe\"\r\n}",
							"options": {
								"raw": {
									"language": "json"
								}
							}
						},
						"url": {
							"raw": "localhost:8000/users",
							"host": [
								"localhost"
							],
							"port": "8000",
							"path": [
								"users"
							]
						}
					},
					"response": []
				},
				{
					"name": "User Get (Admin)",
					"request": {
						"auth": {
							"type": "bearer",
							"bearer": [
								{
									"key": "token",
									"value": "{{access_token}}",
									"type": "string"
								}
							]
						},
						"method": "GET",
						"header": [],
						"url": {
							"raw": "localhost:8000/users/username",
							"host": [
								"localhost"
							],
							"port": "8000",
							"path": [
								"users",
								"username"
							]
						}
					},
					"response": []
				},
				{
					"name": "User Update (Admin)",
					"request": {
						"auth": {
							"type": "bearer",
							"bearer": [
								{
									"key": "token",
									"value": "{{access_token}}",
									"type": "string"
								}
							]
						},
						"method": "PATCH",
						"header": [],
						"body": {
							"mode": "raw",
							"raw": "{\r\n    \"first_name\": \"john2\",\r\n    \"last_name\": \"doe2\"\r\n}",
							"options": {
								"raw": {
									"language": "json"
								}
							}
						},
						"url": {
							"raw": "localhost:8000/users/username",
							"host": [
								"localhost"
							],
							"port": "8000",
							"path": [
								"users",
								"username"
							]
						}
					},
					"response": []
				}
			]
		},
		{
			"name": "storages",
			"item": [
				{
					"name": "Storage Create",
					"event": [
						{
							"listen": "test",
							"script": {
								"exec": [
									"var jsonData = JSON.parse(responseBody);\r",
									"if (jsonData.id) {\r",
									"    pm.collectionVariables.set(\"storage_id\", jsonData.id);\r",
									"}"
								],
								"type": "text/javascript"
							}
						}
					],
					"request": {
						"auth": {
							"type": "bearer",
							"bearer": [
								{
									"key": "token",
									"value": "{{access_token}}",
									"type": "string"
								}
							]
						},
						"method": "POST",
						"header": [],
						"body": {
							"mode": "raw",
							"raw": "{\r\n    \"name\": \"my_storage\",\r\n    \"platform\": \"google\",\r\n    \"access_key\": \"access\",\r\n    \"secret_key\": \"secret\",\r\n    \"bucket_name\": \"my_bucket\"\r\n}",
							"options": {
								"raw": {
									"language": "json"
								}
							}
						},
						"url": {
							"raw": "localhost:8000/storages",
							"host": [
								"localhost"
							],
							"port": "8000",
							"path": [
								"storages"
							]
						}
					},
					"response": []
				},
				{
					"name": "Storage Get All",
					"request": {
						"auth": {
							"type": "bearer",
							"bearer": [
								{
									"key": "token",
									"value": "{{access_token}}",
									"type": "string"
								}
							]
						},
						"method": "GET",
						"header": [],
						"url": {
							"raw": "localhost:8000/storages",
							"host": [
								"localhost"
							],
							"port": "8000",
							"path": [
								"storages"
							]
						}
					},
					"response": []
				},
				{
					"name": "Storage Get",
					"event": [
						{
							"listen": "test",
							"script": {
								"exec": [
									"var jsonData = JSON.parse(responseBody);\r",
									"if (jsonData.id) {\r",
									"    pm.collectionVariables.set(\"storage_id\", jsonData.id);\r",
									"}"
								],
								"type": "text/javascript"
							}
						}
					],
					"request": {
						"auth": {
							"type": "bearer",
							"bearer": [
								{
									"key": "token",
									"value": "{{access_token}}",
									"type": "string"
								}
							]
						},
						"method": "GET",
						"header": [],
						"url": {
							"raw": "localhost:8000/storages/{{storage_id}}",
							"host": [
								"localhost"
							],
							"port": "8000",
							"path": [
								"storages",
								"{{storage_id}}"
							]
						}
					},
					"response": []
				},
				{
					"name": "Storage Update",
					"event": [
						{
							"listen": "test",
							"script": {
								"exec": [
									"var jsonData = JSON.parse(responseBody);\r",
									"if (jsonData.id) {\r",
									"    pm.collectionVariables.set(\"storage_id\", jsonData.id);\r",
									"}"
								],
								"type": "text/javascript"
							}
						}
					],
					"request": {
						"auth": {
							"type": "bearer",
							"bearer": [
								{
									"key": "token",
									"value": "{{access_token}}",
									"type": "string"
								}
							]
						},
						"method": "PATCH",
						"header": [],
						"body": {
							"mode": "raw",
							"raw": "{\r\n    \"name\": \"my_storage2\",\r\n    \"platform\": \"google\",\r\n    \"access_key\": \"access2\",\r\n    \"secret_key\": \"secret2\",\r\n    \"bucket_name\": \"my_bucket2\"\r\n}",
							"options": {
								"raw": {
									"language": "json"
								}
							}
						},
						"url": {
							"raw": "localhost:8000/storages/{{storage_id}}",
							"host": [
								"localhost"
							],
							"port": "8000",
							"path": [
								"storages",
								"{{storage_id}}"
							]
						}
					},
					"response": []
				}
			]
		},
		{
			"name": "files",
			"item": [
				{
					"name": "File Upload",
					"event": [
						{
							"listen": "test",
							"script": {
								"exec": [
									""
								],
								"type": "text/javascript"
							}
						}
					],
					"request": {
						"auth": {
							"type": "bearer",
							"bearer": [
								{
									"key": "token",
									"value": "{{access_token}}",
									"type": "string"
								}
							]
						},
						"method": "POST",
						"header": [],
						"body": {
							"mode": "formdata",
							"formdata": [
								{
									"key": "file",
									"type": "file",
									"src": []
								},
								{
									"key": "storage_id",
									"value": "{{storage_id}}",
									"type": "text"
								}
							]
						},
						"url": {
							"raw": "localhost:8000/files",
							"host": [
								"localhost"
							],
							"port": "8000",
							"path": [
								"files"
							]
						}
					},
					"response": []
				},
				{
					"name": "File Download",
					"request": {
						"auth": {
							"type": "bearer",
							"bearer": [
								{
									"key": "token",
									"value": "{{access_token}}",
									"type": "string"
								}
							]
						},
						"method": "GET",
						"header": [],
						"url": {
							"raw": "localhost:8000/files?storage_id={{storage_id}}&file_path=file.jpg",
							"host": [
								"localhost"
							],
							"port": "8000",
							"path": [
								"files"
							],
							"query": [
								{
									"key": "storage_id",
									"value": "{{storage_id}}"
								},
								{
									"key": "file_path",
									"value": "file.jpg"
								}
							]
						}
					},
					"response": []
				}
			]
		},
		{
			"name": "Health Check",
			"request": {
				"auth": {
					"type": "noauth"
				},
				"method": "GET",
				"header": [],
				"url": {
					"raw": "localhost:8000/",
					"host": [
						"localhost"
					],
					"port": "8000",
					"path": [
						""
					]
				}
			},
			"response": []
		}
	],
	"auth": {
		"type": "bearer",
		"bearer": [
			{
				"key": "token",
				"value": "{{access_token}}",
				"type": "string"
			}
		]
	},
	"event": [
		{
			"listen": "prerequest",
			"script": {
				"type": "text/javascript",
				"exec": [
					""
				]
			}
		},
		{
			"listen": "test",
			"script": {
				"type": "text/javascript",
				"exec": [
					""
				]
			}
		}
	],
	"variable": [
		{
			"key": "access_token",
			"value": "",
			"type": "string"
		},
		{
			"key": "refresh_token",
			"value": "",
			"type": "string"
		},
		{
			"key": "storage_id",
			"value": "",
			"type": "string"
		}
	]
}